Category,Total_Sales,Total_Profit,Total_Quantity,Total_Orders,Profit_Margin,Avg_Order_Value
Technology,836154.033,145454.9481,6939,1544,17.395712076891936,541.5505395077721
Furniture,741999.7953,18451.2728,8028,1764,2.4866951334588867,420.6348045918367
Office Supplies,719047.032,122490.8008,22906,3742,17.035158390028652,192.15580758952433
